Element Code,Scientific Name,English Name,Biogeoclimatic Units,Provincial,BC List,Global,COSEWIC,SARA,Provincial FRPA,Land Use Objectives,CDC Mapped Locations - Public,CDC Mapped Locations - Confidential
AFC4G21020,Acantholiparis caecus,Fanged Snailfish,,SNR,Not Reviewed,GNR,,,,,,
AFC4G21010,Acantholiparis opercularis,Spiny Snailfish,,SNR,Not Reviewed,GNR,,,,,,
AFCAA01030,Acipenser medirostris,Green Sturgeon,CDF; CWH,S2S3N (2019),Blue,G2 (2022),SC,1-SC (2006),,,,
AFCAA01050,Acipenser transmontanus,White Sturgeon,BG; CDF; CWH; ICH; IDF; MS; PP; SBS,S2 (2018),No Status,G4 (2024),E/T,1-E,,,,
AFCAA01051,Acipenser transmontanus pop. 1,White Sturgeon (Upper Kootenay River Population),ICH,S1 (2018),Red,G4T1Q (2006),E,1-E (2003),,,Y,
AFCAA01052,Acipenser transmontanus pop. 2,White Sturgeon (Upper Columbia River Population),ICH,S1 (2018),Red,G4T3T4Q (2024),E,1-E (2003),,,Y,
AFCAA01054,Acipenser transmontanus pop. 4,White Sturgeon (Lower Fraser River Population),CDF; CWH; IDF,S1S2 (2018),Red,G4T2Q (2002),T,,,,Y,
AFCAA01055,Acipenser transmontanus pop. 5,White Sturgeon (Upper Fraser River Population),ICH; SBS,S2 (2018),Red,G4T1Q (2001),E,1-E (2003),,,Y,
AFCJB01010,Acrocheilus alutaceus,Chiselmouth,,S4 (2019),Yellow,G5 (2011),NAR,,,,,
AFC4F02020,Agonopsis vulsa,Northern Spearnose Poacher,,SNR,Not Reviewed,GNR,,,,,,
AFCMC05010,Albatrossia pectoralis,Giant Grenadier,,SNR,Not Reviewed,GNR,,,,,,
AFC8E01020,Alepisaurus ferox,Longnose Lancetfish,,SNR,Not Reviewed,G5 (2017),,,,,,
AFCHH02010,Alepocephalus tenebrosus,California Slickhead,,SNR,Not Reviewed,GNR,,,,,,
AFC1D01010,Allocyttus folletti,Oxeye Oreo,,SNR,Not Reviewed,GNR,,,,,,
AFCSC04010,Allolumpenus hypochromus,Y-prickleback,,SNR,Not Reviewed,GNR,NAR,,,,,
AFCHB05010,Allosmerus elongatus,Whitebait Smelt,,SNR,Not Reviewed,GNR,,,,,,
AFDDC01020,Alopias vulpinus,Thresher Shark,,SNR,Not Reviewed,GNR,,,,,,
AFCFA01060,Alosa sapidissima,American Shad,,SNA (2019),Exotic,G5 (2017),,,,,,
AFDFD01180,Amblyraja badia,Broad Skate,,SNR,Not Reviewed,GNR,,,,,,
AFCKA06030,Ameiurus melas,Black Bullhead,,SNA (2019),Exotic,G5 (2015),,,,,,
AFCKA06040,Ameiurus natalis,Yellow Bullhead,,SNA (2019),Exotic,G5 (2011),,,,,,
AFCKA06050,Ameiurus nebulosus,Brown Bullhead,,SNA (2019),Exotic,G5 (2015),,,,,,
AFCS601030,Ammodytes hexapterus,Pacific Sand Lance,,SNR,Not Reviewed,G5 (2017),,,,,,
AFCQK03030,Amphistichus rhodoterus,Redtail Surfperch,,SNR,Not Reviewed,GNR,,,,,,
AFCSD02010,Anarrhichthys ocellatus,Wolf-eel,,SNR,Not Reviewed,G5 (2017),NAR,,,,,
AFC4F05010,Anoplagonus inermis,Smooth Alligatorfish,,SNR,Not Reviewed,GNR,,,,,,
AFCSC05010,Anoplarchus insignis,Slender Cockscomb,,SNR,Not Reviewed,GNR,,,,,,
AFCSC05020,Anoplarchus purpurescens,High Cockscomb,,SNR,Not Reviewed,GNR,,,,,,
AFCZD02010,Anoplogaster cornuta,Longhorn Fangtooth,,SNR,Not Reviewed,G5 (2017),,,,,,
AFC4C01010,Anoplopoma fimbria,Sablefish,,SNR,Not Reviewed,G5 (2017),,,,,,
AFC8F01020,Anotopterus nikparini,North Pacific Daggertooth,,SNR,Not Reviewed,GNR,,,,,,
AFCMH01020,Antimora microlepis,Pacific Flatnose,,SNR,Not Reviewed,GNR,,,,,,
AFCS211010,Aphanopus carbo,Black Scabbardfish,,SNR,Not Reviewed,GNR,,,,,,
AFCQR03020,Apodichthys flavidus,Penpoint Gunnel,,SNR,Not Reviewed,GNR,,,,,,
AFCQR03010,Apodichthys fucorum,Rockweed Gunnel,,SNR,Not Reviewed,GNR,,,,,,
AFDDF01010,Apristurus brunneus,Brown Cat Shark,,SNR,Not Reviewed,GNR,DD,,,,,
AFC4G08010,Aptocyclus ventricosus,Smooth Lumpsucker,,SNR,Not Reviewed,GNR,,,,,,
AFC8D02010,Arctozenus risso,White Barracudina,,SNR,Not Reviewed,G5 (2017),,,,,,
AFC7C01020,Argyropelecus sladeni,Lowcrest Hatchetfish,,SNR,Not Reviewed,G5 (2009),,,,,,
AFC7B04010,Aristostomias scintillans,Shining Loosejaw,,SNR,Not Reviewed,GNR,,,,,,
AFC4E23020,Artedius fenestralis,Padded Sculpin,,SNR,Not Reviewed,GNR,,,,,,
AFC4E23030,Artedius harringtoni,Scalyhead Sculpin,,SNR,Not Reviewed,GNR,,,,,,
AFC4E23040,Artedius lateralis,Smoothhead Sculpin,,SNR,Not Reviewed,GNR,,,,,,
AFC4E24010,Ascelichthys rhodorus,Rosylip Sculpin,,SNR,Not Reviewed,GNR,,,,,,
AFC4E25010,Asemichthys taylori,Spinynose Sculpin,,SNR,Not Reviewed,GNR,DD,,,,,
AFCTB19020,Atheresthes stomias,Arrowtooth,,SNR,Not Reviewed,G5 (2017),,,,,,
AFCND04010,Atherinops affinis,Topsmelt,,SNR,Not Reviewed,GNR,,,,,,
AFCQH10010,Atractoscion nobilis,White Seabass,,SNR,Not Reviewed,GNR,,,,,,
AFCPA05010,Aulorhynchus flavidus,Tube-snout,,SNR,Not Reviewed,G5 (2017),,,,,,
AFCEJ02010,Avocettina infans,Closespine Snipe Eel,,SNR,Not Reviewed,GNR,,,,,,
AFC3B03020,Balistes polylepis,Finescale Triggerfish,,SNR,Not Reviewed,GNR,,,,,,
AFC9B02010,Barbourisia rufa,Velvet Whalefish,,SNR,Not Reviewed,GNR,,,,,,
AFC7B05010,Bathophilus flemingi,Highfin Dragonfish,,SNR,Not Reviewed,GNR,,,,,,
AFC4F06010,Bathyagonus alascanus,Gray Starsnout,,SNR,Not Reviewed,GNR,,,,,,
AFC4F06020,Bathyagonus infraspinatus,Spinycheek Starsnout,,SNR,Not Reviewed,GNR,,,,,,
AFC4F06030,Bathyagonus nigripinnis,Blackfin Poacher,,SNR,Not Reviewed,GNR,,,,,,
AFC4F06040,Bathyagonus pentacanthus,Bigeye Poacher,,SNR,Not Reviewed,GNR,,,,,,
AFCHF02020,Bathylagus pacificus,Slender Blacksmelt,,SNR,Not Reviewed,GNR,,,,,,
AFCHG02010,Bathylychnops exilis,Javelin Spookfish,,SNR,Not Reviewed,GNR,,,,,,
AFCRY01010,Bathymaster caeruleofasciatus,Alaskan Ronquil,,SNR,Not Reviewed,GNR,,,,,,
AFCRY01020,Bathymaster signatus,Searcher,,SNR,Not Reviewed,GNR,,,,,,
AFDFD02080,Bathyraja abyssicola,Abyssal Skate,,SNR,Not Reviewed,GNR,,,,,,
AFDFD02010,Bathyraja aleutica,Aleutian Skate,,SNR,Not Reviewed,GNR,,,,,,
AFDFD02030,Bathyraja interrupta,Sandpaper Skate,,SNR,Not Reviewed,G5 (2017),NAR,,,,,
AFDFD02140,Bathyraja minispinosa,Whitebrow Skate,,SNR,Not Reviewed,G5 (2008),,,,,,
AFDFD02040,Bathyraja parmifera,Alaska Skate,,SNR,Not Reviewed,GNR,,,,,,
AFDFD02060,Bathyraja trachura,Roughtail Skate,,SNR,Not Reviewed,GNR,,,,,,
AFC8G01010,Benthalbella dentata,Northern Pearleye,,SNR,Not Reviewed,GNR,,,,,,
AFC8G01020,Benthalbella linguidens,Longfin Pearleye,,SNR,Not Reviewed,GNR,,,,,,
AFCS202020,Benthodesmus pacificus,Frostfish,,SNR,Not Reviewed,GNR,,,,,,
AFCS202040,Benthodesmus tenuis,Javelinfish,,SNR,Not Reviewed,GNR,,,,,,
AFC4E26010,Blepsias bilobus,Crested Sculpin,,SNR,Not Reviewed,GNR,,,,,,
AFC4E26020,Blepsias cirrhosus,Silverspotted Sculpin,,SNR,Not Reviewed,GNR,,,,,,
AFC4F07010,Bothragonus swanii,Rockhead,,SNR,Not Reviewed,GNR,,,,,,
AFCS802020,Bothrocara brunneum,Twoline Eelpout,,SNR,Not Reviewed,G5 (2017),,,,,,
AFCS802030,Bothrocara molle,Soft Eelpout,,SNR,Not Reviewed,GNR,,,,,,
AFCMG02010,Bothrocara pusillum,Alaska Eelpout,,SNR,Not Reviewed,GNR,,,,,,
AFCQK04010,Brachyistius frenatus,Kelp Perch,,SNR,Not Reviewed,G5 (2017),,,,,,
AFCRH01040,Brama japonica,Pacific Pomfret,,SNR,Not Reviewed,GNR,,,,,,
AFCME01010,Brosmophycis marginata,Red Brotula,,SNR,Not Reviewed,GNR,,,,,,
AFCSC06020,Bryozoichthys marjorius,Pearly Prickleback,,SNR,Not Reviewed,GNR,,,,,,
AFCJB04010,Carassius auratus,Goldfish,,SNA (2019),Exotic,G5 (1996),,,,,,
AFDDE01010,Carcharodon carcharias,White Shark,,SNR,Not Reviewed,G2 (2014),DD,,,,,
AFC4G09150,Careproctus cypselurus,Falcate Snailfish,,SNR,Not Reviewed,GNR,,,,,,
AFC4G09070,Careproctus gilberti,Longfin Snailfish,,SNR,Not Reviewed,GNR,,,,,,
AFC4G09020,Careproctus melanurus,Blacktail Snailfish,,SNR,Not Reviewed,GNR,,,,,,
AFC4G09120,Careproctus oregonensis,Smallfin Snailfish,,SNR,Not Reviewed,GNR,,,,,,
AFC4G09130,Careproctus ovigerum,Abyssal Snailfish,,SNR,Not Reviewed,GNR,,,,,,
AFCQ101010,Caristius macropus,Manefish,,SNR,Not Reviewed,GNR,,,,,,
AFCJC02310,Catostomus bondi,Cordilleran Sucker,BG; CWH; IDF; PP,S3? (2019),Blue,GNR,T,,,,Y,Y
AFCJC02030,Catostomus catostomus,Longnose Sucker,,S5 (2019),Yellow,G5 (2015),,,,,,
AFCJC02050,Catostomus columbianus,Bridgelip Sucker,,S5 (2019),Yellow,G5 (2016),,,,,,
AFCJC02060,Catostomus commersonii,White Sucker,,S5 (2019),Yellow,G5 (2015),,,,,,
AFCJC02280,Catostomus macrocheilus,Largescale Sucker,,S5 (2019),Yellow,G5 (2016),,,,,,
AFCJC02260,Catostomus sp. 4,Salish Sucker,CWH,S2 (2019),Red,G1 (2011),E,1-T (2005),,,Y,
AFCRE01050,Caulolatilus princeps,Ocean Whitefish,,SNR,Not Reviewed,GNR,,,,,,
AFCYE02010,Ceratias holboelli,Deepsea Angler,,SNR,Not Reviewed,G5 (2017),,,,,,
AFCVH01010,Ceratoscopelus townsendi,Dogtooth Lanternfish,,SNR,Not Reviewed,GNR,,,,,,
AFDDD01010,Cetorhinus maximus,Basking Shark,,SNR,Not Reviewed,G2G3 (2014),E,1-E (2010),,,,
AFCYH01010,Chaenophryne melanorhabdus,Smooth Dreamer,,SNR,Not Reviewed,GNR,,,,,,
AFC7B01010,Chauliodus macouni,Pacific Viperfish,,SNR,Not Reviewed,G5 (2017),,,,,,
AFC4F09030,Chesnonia verrucosa,Warty Poacher,,SNR,Not Reviewed,GNR,,,,,,
AFCSC08020,Chirolophis decoratus,Decorated Warbonnet,,SNR,Not Reviewed,GNR,,,,,,
AFCSC08030,Chirolophis nugator,Mosshead Warbonnet,,SNR,Not Reviewed,GNR,,,,,,
AFCSC08040,Chirolophis tarsodes,Matcheek Warbonnet,,SNR,Not Reviewed,GNR,,,,,,
AFC4E27010,Chitonotus pugetensis,Roughback Sculpin,,SNR,Not Reviewed,GNR,,,,,,
AFCJB31020,Chrosomus eos,Northern Redbelly Dace,,S4 (2019),Yellow,G5 (2015),,,,,,
AFCJB31X10,Chrosomus eos x Chrosomus neogaeus,Northern Redbelly Dace X Finescale Dace,BWBS,S2 (2019),Red,GNA (2002),,,,,,
AFCJB31040,Chrosomus neogaeus,Finescale Dace,,S4S5 (2019),Yellow,G5 (2016),,,,,,
AFCTA01080,Citharichthys sordidus,Pacific Sanddab,,SNR,Not Reviewed,G5 (2017),,,,,,
AFCTA01090,Citharichthys stigmaeus,Speckled Sanddab,,SNR,Not Reviewed,G5 (2017),,,,,,
AFCQN03010,Clevelandia ios,Arrow Goby,,SNR,Not Reviewed,G5 (1996),,,,,,
AFCTB23010,Clidoderma asperrimum,Roughscale Sole,,SNR,Not Reviewed,GNR,,,,,,
AFC4E01010,Clinocottus acuticeps,Sharpnose Sculpin,,SNR,Not Reviewed,G5 (1997),,,,,,
AFC4E01030,Clinocottus embryum,Calico Sculpin,,SNR,Not Reviewed,GNR,,,,,,
AFC4E01040,Clinocottus globiceps,Mosshead Sculpin,,SNR,Not Reviewed,GNR,,,,,,
AFCFA07030,Clupea pallasii,Pacific Herring,,SNR,Not Reviewed,G5 (2017),,,,,,
AFCNF01010,Cololabis saira,Pacific Saury,,SNR,Not Reviewed,GNR,,,,,,
AFCHA01020,Coregonus artedi,Cisco,BWBS,S2 (2019),Red,G5 (2015),,,,,Y,
AFCHA01030,Coregonus autumnalis,Arctic Cisco,BWBS,S1S2 (2019),Red,G5 (2011),,,,,Y,
AFCHA01040,Coregonus clupeaformis,Lake Whitefish,,S5 (2019),Yellow,G5 (2015),,,,,,
AFCHA01090,Coregonus nasus,Broad Whitefish,BWBS,S2 (2019),Red,G5 (2016),,,,,Y,
AFCHA01130,Coregonus sardinella,Least Cisco,BWBS,S3 (2019),Blue,G5 (2017),,,,,Y,
AFCMC06010,Coryphaenoides acrolepis,Roughscale Grenadier,,SNR,Not Reviewed,GNR,,,,,,
AFCMC06020,Coryphaenoides armatus,Russet Grenadier,,SNR,Not Reviewed,GNR,,,,,,
AFCMC06030,Coryphaenoides cinereus,Popeye,,SNR,Not Reviewed,GNR,,,,,,
AFCMC06040,Coryphaenoides filifer,Filamented Rattail,,SNR,Not Reviewed,GNR,,,,,,
AFCMC06050,Coryphaenoides leptolepis,Ghostly Grenadier,,SNR,Not Reviewed,GNR,,,,,,
AFCMC06080,Coryphaenoides yaquinae,Rough Abyssal Grendier,,SNR,Not Reviewed,GNR,,,,,,
AFC4E02010,Cottus aleuticus,Coastrange Sculpin,,S5 (2019),Yellow,G5 (2015),,,,,,
AFC4E02270,Cottus aleuticus pop. 1,"Coastrange Sculpin, Cultus Population",CWH,S1S2 (2019),Red,G5T1T2Q (2010),E,1-T (2003),,,Y,
AFC4E02020,Cottus asper,Prickly Sculpin,,S5 (2019),Yellow,G5 (2015),,,,,,
AFC4E02080,Cottus cognatus,Slimy Sculpin,,S5 (2019),Yellow,G5 (2015),,,,,,
AFC4E02090,Cottus confusus,Shorthead Sculpin,ICH; IDF,S3 (2019),Blue,G5 (2011),SC,1-SC,,,Y,
AFC4E02053,Cottus hubbsi,Columbia Sculpin,BG; ICH; IDF; PP,S3 (2019),Blue,G4Q (2011),SC,1-SC (2003),,,Y,Y
AFC4E02220,Cottus rhotheus,Torrent Sculpin,,S4S5 (2019),Yellow,G5 (2016),,,,,,
AFC4E02230,Cottus ricei,Spoonhead Sculpin,,S4 (2019),Yellow,G5 (2015),NAR,,,,,
AFC4E02380,Cottus sp. 9,Rocky Mountain Sculpin,,S2 (2019),Red,GNRT3T4Q (2021),SC,1-SC (2017),,,Y,
AFCJB06010,Couesius plumbeus,Lake Chub,BG; BWBS; CDF; CWH; ESSF; ICH; IDF; MH; MS; PP; SBPS; SBS; SWB,S5 (2019),Yellow,G5 (2015),DD,,,,,
AFCJB06012,Couesius plumbeus pop. 2,Lake Chub - Liard Hot Springs Populations,BWBS,S1S2 (2019),Red,G5TNRQ,T,,,,Y,
AFCJB06013,Couesius plumbeus pop. 3,Lake Chub - Atlin Warm Springs Populations,BWBS; SWB,S1 (2019),Red,G5TNRQ,T,,,,Y,
AFCSF01020,Cryptacanthodes aleutensis,Dwarf Wrymouth,,SNR,Not Reviewed,GNR,,,,,,
AFCSF01030,Cryptacanthodes giganteus,Giant Wrymouth,,SNR,Not Reviewed,GNR,,,,,,
AFCPA02010,Culaea inconstans,Brook Stickleback,,S5 (2018),Yellow,G5 (2015),,,,,,
AFC7A01020,Cyclothone atraria,Yellow Bristlemouth,,SNR,Not Reviewed,GNR,,,,,,
AFC7A01030,Cyclothone pallida,Tan Bristlemouth,,SNR,Not Reviewed,GNR,,,,,,
AFC7A01040,Cyclothone pseudopallida,Slender Bristlemouth,,SNR,Not Reviewed,GNR,,,,,,
AFC7A01050,Cyclothone signata,Showy Bristlemouth,,SNR,Not Reviewed,GNR,,,,,,
AFCQK01010,Cymatogaster aggregata,Shiner Perch,,SNR,Not Reviewed,G5 (2017),,,,,,
AFCJB08010,Cyprinus carpio,Common Carp,,SNA (2019),Exotic,G5 (1996),,,,,,
AFC7D03010,Danaphos oculatus,Bottlelight,,SNR,Not Reviewed,GNR,,,,,,
AFC4E28010,Dasycottus setiger,Spinyhead Sculpin,,SNR,Not Reviewed,GNR,,,,,,
AFCS812010,Derepodichthys alepidotus,Cuskpout,,SNR,Not Reviewed,GNR,,,,,,
AFCVH02010,Diaphus theta,California Headlightfish,,SNR,Not Reviewed,G5 (2017),,,,,,
AFC4G10070,Elassodiscus caudatus,Humpback Snailfish,,SNR,Not Reviewed,GNR,,,,,,
AFCTB03010,Embassichthys bathybius,Deepsea Sole,,SNR,Not Reviewed,GNR,,,,,,
AFCQK05020,Embiotoca lateralis,Striped Seaperch,,SNR,Not Reviewed,G5 (2017),,,,,,
AFCFB04020,Engraulis mordax,Northern Anchovy,,SNR,Not Reviewed,GNR,,,,,,
AFC4E29010,Enophrys bison,Buffalo Sculpin,,SNR,Not Reviewed,GNR,,,,,,
AFC4E29030,Enophrys lucasi,Leister Sculpin,,SNR,Not Reviewed,GNR,,,,,,
AFBAA02120,Entosphenus macrostomus,Cowichan Lake Lamprey,CWH,S2 (2019),Red,G2 (2019),T,1-T (2003),,,Y,
AFBAA02100,Entosphenus tridentatus,Pacific Lamprey,,S5 (2019),Yellow,G4 (2012),,,,,,
AFCTB04010,Eopsetta jordani,Petrale Sole,,SNR,Not Reviewed,G5 (2017),,,,,,
AFABA01010,Eptatretus deani,Black Hagfish,,SNR,Not Reviewed,GNR,,,,,,
AFABA01020,Eptatretus stoutii,Pacific Hagfish,,SNR,Not Reviewed,G5 (2017),,,,,,
AFC4C02010,Erilepis zonifer,Skilfish,,SNR,Not Reviewed,GNR,,,,,,
AFCHD01020,Esox lucius,Northern Pike,,S5 (2004),Yellow,G5 (2015),,,,,,
AFC4G13030,Eumicrotremus orbis,Pacific Spiny Lumpsucker,,SNR,Not Reviewed,GNR,,,,,,
AFCMA08010,Gadus macrocephalus,Pacific Cod,,SNR,Not Reviewed,G5 (2017),,,,,,
AFDDG02030,Galeorhinus galeus,Soupfin Shark,,SNR,Not Reviewed,GNR,SC,1-SC (2009),,,,
AFCPA03010,Gasterosteus aculeatus,Threespine Stickleback,,S5 (2018),Yellow,G5 (2017),,,,,,
AFCPA03014,Gasterosteus aculeatus pop. 1,Charlotte Unarmoured Threespine Stickleback,CWH,S1S2 (2018),Red,G5T1T2Q (2019),E,1-SC (2019),,,Y,
AFCPA03016,Gasterosteus aculeatus pop. 2,Little Quarry Lake Benthic Threespine Stickleback,CWHxm,S1 (2019),Red,G5TNRQ,T,,,,Y,
AFCPA03017,Gasterosteus aculeatus pop. 3,Little Quarry Limnetic Threespine Stickleback,CWHxm,S1 (2019),Red,G5TNRQ,T,,,,Y,
AFCPA03X10,Gasterosteus sp. 1,Giant Threespine Stickleback,CWH,S1S2 (2018),Red,G1G2 (2019),SC,1-SC (2019),,,Y,
AFCPA03140,Gasterosteus sp. 12,Hadley Lake Limnetic Stickleback,CDF,SX (2018),Extinct,GX (2018),XX,,,,Y,
AFCPA03150,Gasterosteus sp. 13,Hadley Lake Benthic Stickleback,CDF,SX (2018),Extinct,GX (2018),XX,,,,Y,
AFCPA03180,Gasterosteus sp. 16,Vananda Creek Limnetic Stickleback,CDF,S1 (2018),Red,G1 (2018),E,1-E (2003),Y,,Y,
AFCPA03190,Gasterosteus sp. 17,Vananda Creek Benthic Stickleback,CDF,S1 (2018),Red,G1 (2018),E,1-E (2003),Y,,Y,
AFCPA03200,Gasterosteus sp. 18,"Misty Lake ""Lake"" Stickleback",CWH,S1 (2018),Red,G1 (2018),E,1-E (2010),,,Y,
AFCPA03210,Gasterosteus sp. 19,"Misty Lake ""Stream"" Stickleback",CWH,S1 (2018),Red,G1 (2018),E,1-E (2010),,,Y,
AFCPA03040,Gasterosteus sp. 2,Enos Lake Limnetic Stickleback,CDF,SX (2018),Red,GX (2019),XX,1-E (2005),,,Y,
AFCPA03050,Gasterosteus sp. 3,Enos Lake Benthic Stickleback,CDF,SX (2018),Red,GX (2019),XX,1-E (2005),,,Y,
AFCPA03060,Gasterosteus sp. 4,Paxton Lake Limnetic Stickleback,CDF,S1 (2018),Red,G1 (2018),E,1-E (2003),,,Y,
AFCPA03070,Gasterosteus sp. 5,Paxton Lake Benthic Stickleback,CDF,S1 (2018),Red,G1 (2016),E,1-E (2003),,,Y,
AFCQH13010,Genyonemus lineatus,White Croaker,,SNR,Not Reviewed,GNR,,,,,,
AFCQQ08030,Gibbonsia metzi,Striped Kelpfish,,SNR,Not Reviewed,GNR,,,,,,
AFCQQ08040,Gibbonsia montereyensis,Crevice Kelpfish,,SNR,Not Reviewed,GNR,,,,,,
AFCTB21010,Glyptocephalus zachirus,Rex Sole,,SNR,Not Reviewed,G5 (2017),,,,,,
AFCXA02020,Gobiesox maeandricus,Northern Clingfish,,SNR,Not Reviewed,GNR,,,,,,
AFC4E19020,Gymnocanthus galeatus,Armorhead Sculpin,,SNR,Not Reviewed,GNR,,,,,,
AFC9B01010,Gyrinomimus grahami,Flabby Whalefish,,SNR,Not Reviewed,GNR,,,,,,
AFCMH04010,Halargyreus johnsonii,Slender Codling,,SNR,Not Reviewed,GNR,,,,,,
AFC4E31010,Hemilepidotus hemilepidotus,Red Irish Lord,,SNR,Not Reviewed,GNR,,,,,,
AFC4E31040,Hemilepidotus spinosus,Brown Irish Lord,,SNR,Not Reviewed,GNR,,,,,,
AFC4E20020,Hemitripterus bolini,Bigmouth Sculpin,,SNR,Not Reviewed,GNR,,,,,,
AFCQQ10010,Heterostichus rostratus,Giant Kelpfish,,SNR,Not Reviewed,GNR,,,,,,
AFC4D01010,Hexagrammos decagrammus,Kelp Greenling,,SNR,Not Reviewed,G5 (2017),,,,,,
AFC4D01020,Hexagrammos lagocephalus,Rock Greenling,,SNR,Not Reviewed,GNR,,,,,,
AFC4D01030,Hexagrammos octogrammus,Masked Greenling,,SNR,Not Reviewed,GNR,,,,,,
AFC4D01040,Hexagrammos stelleri,Whitespotted Greenling,,SNR,Not Reviewed,G5 (2017),,,,,,
AFDBB01010,Hexanchus griseus,Bluntnose Sixgill Shark,,SNR,Not Reviewed,GNR,SC,1-SC (2009),,,,
AFCGA01010,Hiodon alosoides,Goldeye,BWBS,S3 (2019),Blue,G5 (2017),,,,,,
AFCTB06010,Hippoglossoides elassodon,Flathead Sole,,SNR,Not Reviewed,G5 (2017),,,,,,
AFCTB07020,Hippoglossus stenolepis,Pacific Halibut,,SNR,Not Reviewed,G5 (2017),,,,,,
AFCHK01020,Holtbyrnia latifrons,Teardrop Tubeshoulder,,SNR,Not Reviewed,GNR,,,,,,
AFCJB16020,Hybognathus hankinsoni,Brassy Minnow,,S4 (2011),No Status,G5 (2015),,,,,,
AFCJB16022,Hybognathus hankinsoni - Pacific group,Brassy Minnow - Pacific Group,CDFmm; CWHdm; CWHxm,S2S3 (2019),Blue,G5TNRQ,SC,,,,,
AFCJB16021,Hybognathus hankinsoni - western Arctic group,Brassy Minnow - Western Arctic Group,,S3S4 (2012),Blue,G5TNRQ,SC,,,,,
AFDAA01010,Hydrolagus colliei,Spotted Ratfish,,SNR,Not Reviewed,G5 (2017),,,,,,
AFCQK06020,Hyperprosopon argenteum,Walleye Surfperch,,SNR,Not Reviewed,GNR,,,,,,
AFCQK06030,Hyperprosopon ellipticum,Silver Surfperch,,SNR,Not Reviewed,GNR,,,,,,
AFCHB01030,Hypomesus pretiosus,Surf Smelt,,SNR,Not Reviewed,G5 (1996),,,,,,
AFC4F01010,Hypsagonus mozinoi,Kelp Poacher,,SNR,Not Reviewed,GNR,,,,,,
AFC4F08010,Hypsagonus quadricornis,Fourhorn Poacher,,SNR,Not Reviewed,GNR,,,,,,
AFC4E32010,Icelinus borealis,Northern Sculpin,,SNR,Not Reviewed,GNR,,,,,,
AFC4E32020,Icelinus burchami,Dusky Sculpin,,SNR,Not Reviewed,GNR,,,,,,
AFC4E32040,Icelinus filamentosus,Threadfin Sculpin,,SNR,Not Reviewed,GNR,,,,,,
AFC4E32050,Icelinus fimbriatus,Fringed Sculpin,,SNR,Not Reviewed,GNR,,,,,,
AFC4E32080,Icelinus tenuis,Spotfin Sculpin,,SNR,Not Reviewed,GNR,,,,,,
AFC4E21050,Icelus spiniger,Thorny Sculpin,,SNR,Not Reviewed,GNR,,,,,,
AFC7A04010,Ichthyococcus elongatus,Slim Lightfish,,SNR,Not Reviewed,GNR,,,,,,
AFCS406010,Icichthys lockingtoni,Medusafish,,SNR,Not Reviewed,GNR,,,,,,
AFCSQ01010,Icosteus aenigmaticus,Ragfish,,SNR,Not Reviewed,GNR,,,,,,
AFC7B08010,Idiacanthus antrostomus,Pacific Dragonfish,,SNR,Not Reviewed,GNR,,,,,,
AFCTB16090,Isopsetta isolepis,Butter Sole,,SNR,Not Reviewed,G5 (2017),,,,,,
AFDDE03010,Isurus oxyrinchus,Shortfin Mako,,SNR,Not Reviewed,GNR,,,,,,
AFC4E33010,Jordania zonope,Longfin Sculpin,,SNR,Not Reviewed,GNR,,,,,,
AFCS309010,Katsuwonus pelamis,Skipjack Tuna,,SNR,Not Reviewed,GNR,,,,,,
AFDDE04010,Lamna ditropis,Salmon Shark,,SNR,Not Reviewed,GNR,,,,,,
AFCVH04030,Lampanyctus jordani,Brokenline Lanternfish,,SNR,Not Reviewed,GNR,,,,,,
AFBAA02030,Lampetra ayresii,River Lamprey,,S5? (2019),Yellow,G5 (2017),,,,,,
AFBAA02180,Lampetra richardsoni,Western Brook Lamprey,,S4 (2019),Yellow,G4G5 (2012),,,,,,
AFBAA02092,Lampetra richardsoni pop. 1,Western Brook Lamprey (Morrison Creek Population),CWH,S1 (2019),Red,G4G5T1Q (2005),E,1-E (2003),,,Y,
AFC2A01010,Lampris guttatus,Opah,,SNR,Not Reviewed,GNR,,,,,,
AFCQN21010,Lepidogobius lepidus,Bay Goby,,SNR,Not Reviewed,GNR,,,,,,
AFCTB16080,Lepidopsetta bilineata,Rock Sole,,SNR,Not Reviewed,G5 (2017),,,,,,
AFCTB24010,Lepidopsetta polyxystra,Northern Rock Sole,,SNR,Not Reviewed,GNR,,,,,,
AFCQB11030,Lepomis gibbosus,Pumpkinseed,,SNA (2019),Exotic,G5 (2016),,,,,,
AFCQB11060,Lepomis macrochirus,Bluegill,,SNA (2019),Exotic,G5 (2015),,,,,,
AFC4F14010,Leptagonus frenatus,Sawback Poacher,,SNR,Not Reviewed,GNR,,,,,,
AFCSC12030,Leptoclinus maculatus,Daubed Shanny,,SNR,Not Reviewed,G5 (2017),,,,,,
AFC4E03010,Leptocottus armatus,Pacific Staghorn Sculpin,,SNR,Not Reviewed,G5 (2016),,,,,,
AFC8D03010,Lestidiops ringens,Slender Barracudina,,SNR,Not Reviewed,GNR,,,,,,
AFCHF01020,Leuroglossus schmidti,Northern Smoothtongue,,SNR,Not Reviewed,G5 (2017),,,,,,
AFCHF01010,Leuroglossus stilbius,California Smoothtongue,,SNR,Not Reviewed,GNR,,,,,,
AFCTB16020,Limanda aspera,Yellowfin Sole,,SNR,Not Reviewed,GNR,,,,,,
AFC4G07020,Liparis callyodon,Spotted Snailfish,,SNR,Not Reviewed,GNR,,,,,,
AFC4G07040,Liparis cyclopus,Ribbon Snailfish,,SNR,Not Reviewed,GNR,,,,,,
AFC4G07060,Liparis dennyi,Marbled Snailfish,,SNR,Not Reviewed,GNR,,,,,,
AFC4G07070,Liparis florae,Tidepool Snailfish,,SNR,Not Reviewed,GNR,,,,,,
AFC4G07080,Liparis fucensis,Slipskin Snailfish,,SNR,Not Reviewed,GNR,,,,,,
AFC4G07050,Liparis gibbus,Varigated Snailfish,,SNR,Not Reviewed,G5 (2017),,,,,,
AFC4G07180,Liparis greeni,Lobefin Snailfish,,SNR,Not Reviewed,GNR,,,,,,
AFC4G07130,Liparis mucosus,Slimy Snailfish,,SNR,Not Reviewed,GNR,,,,,,
AFC4G07140,Liparis pulchellus,Showy Snailfish,,SNR,Not Reviewed,GNR,,,,,,
AFC4G07150,Liparis rutteri,Ringtail Snailfish,,SNR,Not Reviewed,GNR,,,,,,
AFC4G20010,Lipariscus nanus,Pygmy Snailfish,,SNR,Not Reviewed,GNR,,,,,,
AFCHF03010,Lipolagus ochotensis,Popeye Blacksmelt,,SNR,Not Reviewed,GNR,,,,,,
AFCMA01010,Lota lota,Burbot,,S4S5 (2019),Yellow,G5 (2015),,,,,,
AFCMA01011,Lota lota pop. 1,Burbot (Lower Kootenay Population),ICH,S1 (2019),Red,G5T1Q (2001),,,,,,
AFCSC11010,Lumpenella longirostris,Longsnout Prickleback,,SNR,Not Reviewed,GNR,,,,,,
AFCSC12050,Lumpenus sagitta,Snake Prickleback,,SNR,Not Reviewed,GNR,,,,,,
AFCSN01010,Luvarus imperialis,Louvar,,SNR,Not Reviewed,GNR,,,,,,
AFCMG04040,Lycenchelys camchatica,Kamchatka Eelpout,,SNR,Not Reviewed,GNR,,,,,,
AFCMG04020,Lycenchelys crotalinus,Snakehead Eelpout,,SNR,Not Reviewed,GNR,,,,,,
AFCMG04030,Lycenchelys jordani,Shortjaw Eelpout,,SNR,Not Reviewed,GNR,,,,,,
AFCMG04050,Lycenchelys micropora,Manytoothed Eelpout,,SNR,Not Reviewed,GNR,,,,,,
AFCMG05060,Lycodapus dermatinus,Looseskin Eelpout,,SNR,Not Reviewed,GNR,,,,,,
AFCMG05040,Lycodapus endemoscotus,Deepwater Slipskin,,SNR,Not Reviewed,GNR,,,,,,
AFCMG05010,Lycodapus fierasfer,Blackmouth Slipskin,,SNR,Not Reviewed,GNR,,,,,,
AFCMG05020,Lycodapus mandibularis,Pallid Eelpout,,SNR,Not Reviewed,GNR,,,,,,
AFCMG05050,Lycodapus pachysoma,Stout Slipskin,,SNR,Not Reviewed,GNR,,,,,,
AFCMG05030,Lycodapus parviceps,Smallhead Eelpout,,SNR,Not Reviewed,GNR,,,,,,
AFCS805040,Lycodapus psarostomatus,Specklemouth Eelpout,,SNR,Not Reviewed,GNR,,,,,,
AFCS806010,Lycodes brevipes,Shortfin Eelpout,,SNR,Not Reviewed,GNR,,,,,,
AFCS806160,Lycodes cortezianus,Bigfin Eelpout,,SNR,Not Reviewed,GNR,,,,,,
AFCS806020,Lycodes diapterus,Black Eelpout,,SNR,Not Reviewed,GNR,,,,,,
AFCMG07010,Lycodes pacificus,Blackbelly Eelpout,,SNR,Not Reviewed,G5 (2017),,,,,,
AFCS806050,Lycodes palearis,Wattled Eelpout,,SNR,Not Reviewed,GNR,,,,,,
AFCTB04020,Lyopsetta exilis,Slender Sole,,SNR,Not Reviewed,G5 (2017),,,,,,
AFCHG01010,Macropinna microstoma,Barreleye,,SNR,Not Reviewed,GNR,,,,,,
AFC8D01010,Magnisudis atlantica,Duckbill Barracudina,,SNR,Not Reviewed,G5 (2017),,,,,,
AFC4E36010,Malacocottus kincaidi,Blackfin Sculpin,,SNR,Not Reviewed,GNR,,,,,,
AFC4E36020,Malacocottus zonurus,Darkfin Sculpin,,SNR,Not Reviewed,GNR,,,,,,
AFCHB06010,Mallotus villosus,Capelin,,SNR,Not Reviewed,G5 (2008),,,,,,
AFCJB54020,Margariscus nachtriebi,Pearl Dace,,S4 (2019),Yellow,G5 (2017),,,,,Y,
AFCHK02010,Maulisia argipalla,Pitted Tubeshoulder,,SNR,Not Reviewed,GNR,,,,,,
AFCRN04010,Medialuna californiensis,Halfmoon,,SNR,Not Reviewed,GNR,,,,,,
AFC9C01010,Melamphaes lugubris,Highsnout Ridgehead,,SNR,Not Reviewed,GNR,,,,,,
AFCMJ01010,Melanonus zugmayeri,Arrowtail,,SNR,Not Reviewed,G5 (2017),,,,,,
AFCS811020,Melanostigma pammelas,Pacific Soft Pout,,SNR,Not Reviewed,GNR,,,,,,
AFCMA10020,Merluccius productus,Pacific Hake,,SNR,Not Reviewed,G5 (2017),,,,,,
AFCMA02020,Microgadus proximus,Pacific Tomcod,,SNR,Not Reviewed,G5 (2017),,,,,,
AFCQB12020,Micropterus dolomieu,Smallmouth Bass,,SNA (2019),Exotic,G5 (2016),,,,,,
AFCQB12050,Micropterus salmoides,Largemouth Bass,,SNA (2019),Exotic,G5 (2016),,,,,,
AFCTB14010,Microstomus pacificus,Dover Sole,,SNR,Not Reviewed,G5 (2017),,,,,,
AFCJD01010,Misgurnus anguillicaudatus,Oriental Weatherfish,,SNA (2019),Exotic,G5 (1996),,,,,,
AFC3F01020,Mola mola,Ocean Sunfish,,SNR,Not Reviewed,G5 (2017),,,,,,
AFC3F01030,Mola tecta,Hoodwinker Sunfish,,SNR,Not Reviewed,GNR,,,,,,
AFCJB24010,Mylocheilus caurinus,Peamouth,,S5 (2019),Yellow,G5 (2016),,,,,,
AFC4E04070,Myoxocephalus polyacanthocephalus,Great Sculpin,,SNR,Not Reviewed,GNR,,,,,,
AFC4E04100,Myoxocephalus scorpius,Shorthorn Sculpin,,SNR,Not Reviewed,G5 (2017),,,,,,
AFCVH04010,Nannobrachium regale,Pinpoint Lanternfish,,SNR,Not Reviewed,G5 (2017),,,,,,
AFCVH13010,Nannobrachium ritteri,Broadfin Lanternfish,,SNR,Not Reviewed,G5 (2017),,,,,,
AFCHJ01010,Nansenia candida,Bluethroat Argentine,,SNR,Not Reviewed,GNR,,,,,,
AFCQZ07010,Naucrates ductor,Pilotfish,,SNR,Not Reviewed,GNR,,,,,,
AFC4E05010,Nautichthys oculofasciatus,Sailfin Sculpin,,SNR,Not Reviewed,GNR,,,,,,
AFC4E05030,Nautichthys robustus,Shortmast Sculpin,,SNR,Not Reviewed,GNR,,,,,,
AFC4G14010,Nectoliparis pelagicus,Tadpole Snailfish,,SNR,Not Reviewed,GNR,,,,,,
AFCEJ01010,Nemichthys scolopaceus,Slender Snipe Eel,,SNR,Not Reviewed,G5 (2017),,,,,,
AFCVJ01010,Neoscopelus macrolepidotus,Glowingfish,,SNR,Not Reviewed,GNR,,,,,,
AFCMC02030,Nezumia stelgidolepis,California Grenadier,,SNR,Not Reviewed,GNR,,,,,,
AFCUA01010,Notacanthus chemnitzii,Largescale Tapirfish,,SNR,Not Reviewed,G5 (2017),,,,,,
AFDBB02010,Notorynchus cepedianus,Broadnose Sevengill Shark,,SNR,Not Reviewed,GNR,,,,,,
AFCVH05040,Notoscopelus japonicus,Spiny Lanternfish,,SNR,Not Reviewed,GNR,,,,,,
AFCJB28120,Notropis atherinoides,Emerald Shiner,,SU (2019),Unknown,G5 (2015),,,,,Y,
AFCJB28550,Notropis hudsonius,Spottail Shiner,BWBS,S1S2 (2019),Red,G5 (2015),,,,,Y,
AFC4F10010,Odontopyxis trispinosa,Pygmy Poacher,,SNR,Not Reviewed,GNR,,,,,,
AFC4E06010,Oligocottus maculosus,Tidepool Sculpin,,SNR,Not Reviewed,GNR,,,,,,
AFC4E06020,Oligocottus rimensis,Saddleback Sculpin,,SNR,Not Reviewed,GNR,,,,,,
AFC4E06040,Oligocottus snyderi,Fluffy Sculpin,,SNR,Not Reviewed,GNR,,,,,,
AFCHA02080,Oncorhynchus clarkii,Cutthroat Trout,,S4 (2000),No Status,G5 (2017),,,,,,
AFCHA0208A,Oncorhynchus clarkii clarkii,"Cutthroat Trout, clarkii subspecies",BWBS; CDF; CWH; ICH; SBS,S3S4 (2004),Blue,G5T4 (1997),,,,,,
AFCHA02088,Oncorhynchus clarkii lewisi,"Cutthroat Trout, lewisi subspecies",BWBS; ESSF; ICH; IDF; MS; SBS,S2S3 (2018),Blue,G5T4 (2013),SC,1-SC (2010),Y,,,
AFCHA02010,Oncorhynchus gorbuscha,Pink Salmon,,SNR (2019),Not Reviewed,G5 (2016),,,,,,
AFCHA02020,Oncorhynchus keta,Chum Salmon,,SNR (2019),Not Reviewed,G5 (2016),,,,,,
AFCHA02030,Oncorhynchus kisutch,Coho Salmon,,SNR (2019),Not Reviewed,G5 (2017),,,,,,
AFCHA02037,Oncorhynchus kisutch pop. 7,Coho Salmon (Interior Fraser Population),,SNR (2016),Not Reviewed,G5TNRQ,T,,,,,
AFCHA02090,Oncorhynchus mykiss,Rainbow Trout/Steelhead,,S5 (2011),Yellow,G5 (2022),,,,,,
AFCHA0213E,Oncorhynchus mykiss - coastal lineage,Rainbow Trout/Steelhead - Coastal Lineage,,SNR (2010),Not Reviewed,G5T3Q (2009),,,,,,
AFCHA0213D,Oncorhynchus mykiss - interior lineage,Rainbow Trout/Steelhead - Interior Lineage,,SNR (2010),Not Reviewed,G5T3Q (2009),,,,,,
AFCHA0213F,Oncorhynchus mykiss - large lake piscivore ecotype,Rainbow Trout - Large Lake Piscivore Ecotype,,S4 (2012),Yellow,G5TNRQ,,,,,,
AFCHA0213M,Oncorhynchus mykiss pop. 46,Steelhead Trout - Thompson River Population,,S1 (2019),Red,G5TNRQ,E,,,,,
AFCHA0213N,Oncorhynchus mykiss pop. 47,Steelhead Trout - Chilcotin River Population,,S1 (2019),Red,G5TNRQ,E,,,,,
AFCHA02040,Oncorhynchus nerka,Sockeye Salmon,,SNR (2019),Not Reviewed,G5 (2022),,,,,,
AFCHA0204B,Oncorhynchus nerka pop. 10,Sockeye Salmon - Bowron-ES Population,,SNR (2019),Not Reviewed,G5TNRQ,E,,,,,
AFCHA0204C,Oncorhynchus nerka pop. 11,Sockeye Salmon - Chilliwack-ES Population,,SNR (2019),Not Reviewed,G5TNRQ,NAR,,,,,
AFCHA0204D,Oncorhynchus nerka pop. 12,Sockeye Salmon - Francois-Fraser-S Population,,SNR (2019),Not Reviewed,G5TNRQ,SC,,,,,
AFCHA0204E,Oncorhynchus nerka pop. 13,Sockeye Salmon - Nadina-Francois-ES Population,,SNR (2019),Not Reviewed,G5TNRQ,NAR,,,,,
AFCHA0204F,Oncorhynchus nerka pop. 14,Sockeye Salmon - Harrison (D/S)-L Population,,SNR (2019),Not Reviewed,G5TNRQ,SC,,,,,
AFCHA0204G,Oncorhynchus nerka pop. 15,Sockeye Salmon - Harrison (U/S)-L Population,,SNR (2019),Not Reviewed,G5TNRQ,E,,,,,
AFCHA0204H,Oncorhynchus nerka pop. 16,Sockeye Salmon - Kamloops-ES Population,,SNR (2019),Not Reviewed,G5TNRQ,SC,,,,,
AFCHA0204J,Oncorhynchus nerka pop. 17,Sockeye Salmon - Lillooet-Harrison-L Population,,SNR (2019),Not Reviewed,G5TNRQ,SC,,,,,
AFCHA0204K,Oncorhynchus nerka pop. 18,Sockeye Salmon - Nahatlatch-ES Population,,SNR (2019),Not Reviewed,G5TNRQ,SC,,,,,
AFCHA0204L,Oncorhynchus nerka pop. 19,Sockeye Salmon - North Barriere-ES Population,,SNR (2019),Not Reviewed,G5TNRQ,T,,,,,
AFCHA0204M,Oncorhynchus nerka pop. 20,Sockeye Salmon - Pitt-ES Population,,SNR (2019),Not Reviewed,G5TNRQ,NAR,,,,,
AFCHA0204N,Oncorhynchus nerka pop. 21,Sockeye Salmon - Quesnel-S Population,,SNR (2019),Not Reviewed,G5TNRQ,E,,,,,
AFCHA0204P,Oncorhynchus nerka pop. 22,Sockeye Salmon - Seton-L Population,,SNR (2019),Not Reviewed,G5TNRQ,E,,,,,
AFCHA0204Q,Oncorhynchus nerka pop. 23,Sockeye Salmon - Shuswap Complex-L Population,,SNR (2019),Not Reviewed,G5TNRQ,NAR,,,,,
AFCHA0204R,Oncorhynchus nerka pop. 24,Sockeye Salmon - Shuswap-ES Population,,SNR (2019),Not Reviewed,G5TNRQ,NAR,,,,,
AFCHA0204S,Oncorhynchus nerka pop. 25,Sockeye Salmon - Takla-Trembleur-EStu Population,,SNR (2019),Not Reviewed,G5TNRQ,E,,,,,
AFCHA0204T,Oncorhynchus nerka pop. 26,Sockeye Salmon - Takla-Trembleur-Stuart-S Population,,SNR (2019),Not Reviewed,G5TNRQ,E,,,,,
AFCHA0204U,Oncorhynchus nerka pop. 27,Sockeye Salmon - Taseko-ES Population,,SNR (2019),Not Reviewed,G5TNRQ,E,,,,,
AFCHA0204V,Oncorhynchus nerka pop. 28,Sockeye Salmon - Harrison River (River-Type) Population,,SNR (2019),Not Reviewed,G5TNRQ,NAR,,,,,
AFCHA0204W,Oncorhynchus nerka pop. 29,Sockeye Salmon - Widgeon (River-Type) Population,,SNR (2019),Not Reviewed,G5TNRQ,T,,,,,
AFCHA02048,Oncorhynchus nerka pop. 7,Sockeye Salmon - Cultus Lake Population,,SNR,Not Reviewed,G5T1Q (2005),E,,,,,
AFCHA02049,Oncorhynchus nerka pop. 8,Sockeye Salmon - Sakinaw Lake Population,,S1 (2020),No Status,G5T1Q (2005),E,,,,,
AFCHA0204A,Oncorhynchus nerka pop. 9,Sockeye Salmon - Anderson-Seton-ES Population,,SNR (2019),Not Reviewed,G5TNRQ,NAR,,,,,
AFCHA02050,Oncorhynchus tshawytscha,Chinook Salmon,BAFA; BG; BWBS; CDF; CWH; ESSF; ICH; IDF; MH; MS; PP; SBPS; SBS; SWB,SNR (2019),Not Reviewed,G5 (2017),E/T/SC/DD/NAR,,,,,
AFCYH02010,Oneirodes bulbosus,Bulbous Dreamer,,SNR,Not Reviewed,GNR,,,,,,
AFCYH02020,Oneirodes thompsoni,Alaska Dreamer,,SNR,Not Reviewed,GNR,,,,,,
AFC4D02010,Ophiodon elongatus,Lingcod,,SNR,Not Reviewed,G5 (2017),,,,,,
AFC7B07010,Opostomias mitsuii,Pitgum Lanternfish,,SNR,Not Reviewed,GNR,,,,,,
AFCHB02040,Osmerus dentex,Rainbow Smelt,,SU (2019),Unknown,GNR,,,,,,
AFC4G22010,Osteodiscus cascadiae,Bigtail Snailfish,,SNR,Not Reviewed,GNR,,,,,,
AFC4D03010,Oxylebius pictus,Painted Greenling,,SNR,Not Reviewed,G5 (2017),,,,,,
AFCMG03010,Pachycara bulbiceps,Abyssal Eelpout,,SNR,Not Reviewed,GNR,,,,,,
AFCMG03020,Pachycara gymninium,Nakedneck Eelpout,,SNR,Not Reviewed,GNR,,,,,,
AFCMG03030,Pachycara lepinium,Scalyneck Eelpout,,SNR,Not Reviewed,GNR,,,,,,
AFC4F11010,Pallasina barbata,Tubenose Poacher,,SNR,Not Reviewed,GNR,,,,,,
AFC4G15040,Paraliparis cephalus,Swellhead Snailfish,,SNR,Not Reviewed,GNR,,,,,,
AFC4G15010,Paraliparis deani,Prickly Snailfish,,SNR,Not Reviewed,GNR,,,,,,
AFC4G15050,Paraliparis latifrons,Bigpored Snailfish,,SNR,Not Reviewed,GNR,,,,,,
AFC4G15080,Paraliparis melanobranchus,Phantom Snailfish,,SNR,Not Reviewed,GNR,,,,,,
AFC4G15060,Paraliparis paucidens,Toothless Snailfish,,SNR,Not Reviewed,GNR,,,,,,
AFC4G15070,Paraliparis rosaceus,Pink Snailfish,,SNR,Not Reviewed,GNR,,,,,,
AFC4E08010,Paricelinus hopliticus,Thornback Sculpin,,SNR,Not Reviewed,GNR,,,,,,
AFCTB16100,Parophrys vetulus,English Sole,,SNR,Not Reviewed,G5 (2017),,,,,,
AFCS401030,Peprilus simillimus,Pacific Pompano,,SNR,Not Reviewed,GNR,,,,,,
AFCQC03010,Perca flavescens,Yellow Perch,,SU (2019),Unknown,G5 (2015),,,,,,
AFCLC01010,Percopsis omiscomaycus,Trout-perch,,S4S5 (2019),Yellow,G5 (2015),,,,,,
AFCQK09020,Phanerodon furcatus,White Seaperch,,SNR,Not Reviewed,GNR,,,,,,
AFCQR01020,Pholis clemensi,Longfin Gunnel,,SNR,Not Reviewed,GNR,,,,,,
AFCQR01070,Pholis laeta,Crescent Gunnel,,SNR,Not Reviewed,G5 (2008),,,,,,
AFCQR01010,Pholis ornata,Saddleback Gunnel,,SNR,Not Reviewed,GNR,,,,,,
AFCQR01090,Pholis schultzi,Red Gunnel,,SNR,Not Reviewed,GNR,,,,,,
AFCSC13010,Phytichthys chirus,Ribbon Prickleback,,SNR,Not Reviewed,GNR,,,,,,
AFCJB32020,Pimephales promelas,Fathead Minnow,,SNA (2019),Exotic,G5 (2015),,,,,,
AFCTB01010,Platichthys stellatus,Starry Flounder,,SNR,Not Reviewed,G5 (2017),,,,,,
AFCJB57010,Platygobio gracilis,Flathead Chub,,S4 (2019),Yellow,G5 (2015),,,,,,
AFCSC15010,Plectobranchus evides,Bluebarred Prickleback,,SNR,Not Reviewed,GNR,,,,,,
AFC4D04010,Pleurogrammus monopterygius,Atka Mackerel,,SNR,Not Reviewed,GNR,,,,,,
AFCTB17010,Pleuronichthys coenosus,C-O Sole,,SNR,Not Reviewed,GNR,,,,,,
AFCTB17020,Pleuronichthys decurrens,Curlfin Sole,,SNR,Not Reviewed,G5 (2017),,,,,,
AFC4F13010,Podothecus accipenserinus,Sturgeon Poacher,,SNR,Not Reviewed,G5 (2017),,,,,,
AFCUA02010,Polyacanthonotus challengeri,Longnose Tapirfish,,SNR,Not Reviewed,GNR,,,,,,
AFCQB13020,Pomoxis nigromaculatus,Black Crappie,,SNA (2019),Exotic,G5 (2016),,,,,,
AFCWA02020,Porichthys notatus,Plainfin Midshipman,,SNR,Not Reviewed,G5 (2017),,,,,,
AFCSC16010,Poroclinus rothrocki,Whitebarred Prickleback,,SNR,Not Reviewed,GNR,,,,,,
AFC9C02010,Poromitra crassiceps,Crested Ridgehead,,SNR,Not Reviewed,GNR,,,,,,
AFDDG05010,Prionace glauca,Blue Shark,,SNR,Not Reviewed,G5 (2017),NAR,,,,,
AFCHA03020,Prosopium coulterii,Pygmy Whitefish,,S4 (2019),Yellow,G5 (2008),NAR,,,,,
AFCHA03021,Prosopium coulterii pop. 1,Pygmy Whitefish - Southwestern Yukon Beringian Populations,,S2S3 (2019),Blue,G5TNRQ,,,,,,
AFCHA03023,Prosopium coulterii pop. 3,Pygmy Whitefish - Pacific Populations,,S4 (2019),Yellow,G5TNRQ,NAR,,,,,
AFCHA03030,Prosopium cylindraceum,Round Whitefish,,S4 (2019),Yellow,G5 (2015),,,,,,
AFCHA03060,Prosopium williamsoni,Mountain Whitefish,,S5 (2019),Yellow,G5 (2022),,,,,,
AFCVH06010,Protomyctophum crockeri,California Flashlightfish,,SNR,Not Reviewed,GNR,,,,,,
AFCVH06020,Protomyctophum thompsoni,Bigeye Flashlightfish,,SNR,Not Reviewed,G5 (2017),,,,,,
AFCTB18010,Psettichthys melanostictus,Sand Sole,,SNR,Not Reviewed,G5 (2017),,,,,,
AFCHF02010,Pseudobathylagus milleri,Stout Blacksmelt,,SNR,Not Reviewed,GNR,,,,,,
AFCRR01020,Pseudopentaceros wheeleri,North Pacific Pelagic Armorhead,,SNR,Not Reviewed,GNR,,,,,,
AFC4E10010,Psychrolutes paradoxus,Tadpole Sculpin,,SNR,Not Reviewed,GNR,,,,,,
AFC4E10030,Psychrolutes phrictus,Blob Sculpin,,SNR,Not Reviewed,GNR,,,,,,
AFC4E10020,Psychrolutes sigalutes,Soft Sculpin,,SNR,Not Reviewed,GNR,,,,,,
AFDFE01060,Pteroplatytrygon violacea,Pelagic Stingray,,SNR,Not Reviewed,GNR,,,,,,
AFCSE01010,Ptilichthys goodei,Quillfish,,SNR,Not Reviewed,GNR,,,,,,
AFCJB35030,Ptychocheilus oregonensis,Northern Pikeminnow,,S5 (2019),Yellow,G5 (2016),,,,,,
AFCPA04010,Pungitius pungitius,Ninespine Stickleback,,SU (2018),Unknown,G5 (2015),,,,,Y,
AFC4E11010,Radulinus asprellus,Slim Sculpin,,SNR,Not Reviewed,GNR,,,,,,
AFC4E11020,Radulinus boleoides,Darter Sculpin,,SNR,Not Reviewed,GNR,,,,,,
AFDFD01020,Raja binoculata,Big Skate,,SNR,Not Reviewed,G5 (2017),NAR,,,,,
AFDFD01120,Raja rhina,Longnose Skate,,SNR,Not Reviewed,G5 (2017),NAR,,,,,
AFCTB20010,Reinhardtius hippoglossoides,Greeenland Halibut,,SNR,Not Reviewed,G5 (2017),,,,,,
AFCSZ03010,Remora australis,Whalesucker,,SNR,Not Reviewed,GNR,,,,,,
AFCQK10020,Rhacochilus vacca,Pile Perch,,SNR,Not Reviewed,G5 (2017),,,,,,
AFC4E12010,Rhamphocottus richardsonii,Grunt Sculpin,,SNR,Not Reviewed,GNR,,,,,,
AFCJB37020,Rhinichthys cataractae,Longnose Dace,,S5 (2019),Yellow,G5 (2015),,,,,,
AFCJB37110,Rhinichthys cataractae - Chehalis lineage,Nooksack Dace,CWH,S1 (2019),Red,G3 (1996),E,1-E (2003),,,Y,
AFCJB37040,Rhinichthys falcatus,Leopard Dace,,S5? (2019),Yellow,G4 (2016),NAR,,,,,
AFCJB37050,Rhinichthys osculus,Speckled Dace,IDF; PP,S3? (2019),Blue,G5 (1996),E,1-E (2009),,,Y,
AFCJB37120,Rhinichthys umatilla,Umatilla Dace,BG; ICH; IDF,S2 (2019),Red,G4 (1992),T,3 (2005),,,Y,Y
AFCQN15060,Rhinogobiops nicholsii,Blackeye Goby,,SNR,Not Reviewed,GNR,,,,,,
AFC4G23010,Rhinoliparis attenuatus,Slim Snailfish,,SNR,Not Reviewed,GNR,,,,,,
AFCJB39010,Richardsonius balteatus,Redside Shiner,,S5 (2019),Yellow,G5 (2016),,,,,,
AFCXA03020,Rimicola muscarum,Kelp Clingfish,,SNR,Not Reviewed,GNR,,,,,,
AFCRY03010,Ronquilus jordani,Northern Ronquil,,SNR,Not Reviewed,GNR,,,,,,
AFC4E40020,Ruscarius meanyi,Puget Sound Sculpin,,SNR,Not Reviewed,GNR,,,,,,
AFCHK03010,Sagamichthys abei,Shining Tubeshoulder,,SNR,Not Reviewed,GNR,,,,,,
AFCHA04060,Salmo salar,Atlantic Salmon,,SNA (2019),Exotic,G5 (2016),,,,,,
AFCHA04070,Salmo trutta,Brown Trout,,SNA (2019),Exotic,G5 (1996),,,,,,
AFCHA05020,Salvelinus confluentus,Bull Trout,BG; BWBS; CWH; ESSF; ICH; IDF; MS; PP; SBPS; SBS; SWB,S3S4 (2018),Blue,G5 (2017),SC,,Y,,,
AFCHA05122,Salvelinus confluentus pop. 10,Bull Trout - Western Arctic Populations,,S3 (2018),Blue,G5TNRQ,SC,1-SC (2019),,,,
AFCHA05124,Salvelinus confluentus pop. 12,Bull Trout - Upper Yukon Watershed Populations,,SU (2018),No Status,G5TNRQ,DD,,,,,
AFCHA0502N,Salvelinus confluentus pop. 26,Bull Trout - Pacific Populations,,S3S4 (2018),Blue,G5T3Q (2015),NAR,,,,,
AFCHA0502Q,Salvelinus confluentus pop. 28,Bull Trout - South Coast Population,CDF; CWH; MH,S2S3 (2018),Blue,G5T3Q (2015),SC,1-SC (2019),,,,
AFCHA05030,Salvelinus fontinalis,Brook Trout,,SNA (2019),Exotic,G5 (2015),,,,,,
AFCHA05040,Salvelinus malma,Dolly Varden,,S4 (2012),Yellow,G5 (2017),,,,,,
AFCHA05042,Salvelinus malma - northern lineage,Dolly Varden - Northern Lineage,,S4S5 (2012),Yellow,G5T4T5Q (2011),,,,,,
AFCHA05041,Salvelinus malma - southern lineage,Dolly Varden - Southern Lineage,,S4 (2012),Yellow,G5TNRQ,,,,,,
AFCHA05050,Salvelinus namaycush,Lake Trout,,S4 (2019),Yellow,G5 (2015),,,,,,
AFCQC05020,Sander vitreus,Walleye,,S4S5 (2019),Yellow,G5 (2015),,,,,,
AFCS306010,Sarda chiliensis,Pacific Bonito,,SNR,Not Reviewed,GNR,,,,,,
AFCFA10010,Sardinops sagax,Pacific Sardine,,SNR,Not Reviewed,GNR,NAR,3,,,,
AFCS307010,Scomber japonicus,Pacific Chub Mackerel,,SNR,Not Reviewed,G5 (2017),,,,,,
AFC9C03010,Scopelogadus mizolepis,Flabby Ridgehead,,SNR,Not Reviewed,GNR,,,,,,
AFC8H01010,Scopelosaurus harryi,Scaly Waryfish,,SNR,Not Reviewed,GNR,,,,,,
AFC4E13010,Scorpaenichthys marmoratus,Cabezon,,SNR,Not Reviewed,GNR,,,,,,
AFCSG01010,Scytalina cerdale,Graveldiver,,SNR,Not Reviewed,GNR,,,,,,
AFC4A06010,Sebastes aleutianus,Rougheye Rockfish,,SNR,Not Reviewed,GNR,SC,1-SC (2009),,,,
AFC4A06020,Sebastes alutus,Pacific Ocean Perch,,SNR,Not Reviewed,GNR,,,,,,
AFC4A06040,Sebastes auriculatus,Brown Rockfish,,SNR,Not Reviewed,GNR,,,,,,
AFC4A06050,Sebastes aurora,Aurora Rockfish,,SNR,Not Reviewed,GNR,,,,,,
AFC4A06060,Sebastes babcocki,Redbanded Rockfish,,SNR,Not Reviewed,GNR,,,,,,
AFC4A06070,Sebastes borealis,Shortraker Rockfish,,SNR,Not Reviewed,GNR,,,,,,
AFC4A06080,Sebastes brevispinis,Silvergray Rockfish,,SNR,Not Reviewed,GNR,,,,,,
AFC4A06100,Sebastes caurinus,Copper Rockfish,,SNR,Not Reviewed,GNR,,,,,,
AFC4A06110,Sebastes chlorostictus,Greenspotted Rockfish,,SNR,Not Reviewed,GNR,,,,,,
AFC4A06130,Sebastes ciliatus,Dark Rockfish,,SNR,Not Reviewed,GNR,,,,,,
AFC4A06150,Sebastes crameri,Darkblotched Rockfish,,SNR,Not Reviewed,GNR,SC,,,,,
AFC4A06720,Sebastes diaconus,Deacon Rockfish,,SNR,Not Reviewed,GNR,,,,,,
AFC4A06170,Sebastes diploproa,Splitnose Rockfish,,SNR,Not Reviewed,G5 (2017),,,,,,
AFC4A06180,Sebastes elongatus,Greenstriped Rockfish,,SNR,Not Reviewed,G5 (2017),,,,,,
AFC4A06190,Sebastes emphaeus,Puget Sound Rockfish,,SNR,Not Reviewed,GNR,,,,,,
AFC4A06210,Sebastes entomelas,Widow Rockfish,,SNR,Not Reviewed,GNR,,,,,,
AFC4A06240,Sebastes flavidus,Yellowtail Rockfish,,SNR,Not Reviewed,GNR,,,,,,
AFC4A06260,Sebastes goodei,Chilipepper,,SNR,Not Reviewed,GNR,,,,,,
AFC4A06270,Sebastes helvomaculatus,Rosethorn Rockfish,,SNR,Not Reviewed,GNR,,,,,,
AFC4A06290,Sebastes jordani,Shortbelly Rockfish,,SNR,Not Reviewed,GNR,,,,,,
AFC4A06330,Sebastes maliger,Quillback Rockfish,,SNR,Not Reviewed,GNR,T,,,,,
AFC4A06350,Sebastes melanops,Black Rockfish,,SNR,Not Reviewed,GNR,,,,,,
AFC4A06370,Sebastes melanostomus,Blackgill Rockfish,,SNR,Not Reviewed,GNR,,,,,,
AFC4A06390,Sebastes miniatus,Vermilion Rockfish,,SNR,Not Reviewed,GNR,,,,,,
AFC4A06410,Sebastes nebulosus,China Rockfish,,SNR,Not Reviewed,GNR,,,,,,
AFC4A06420,Sebastes nigrocinctus,Tiger Rockfish,,SNR,Not Reviewed,GNR,,,,,,
AFC4A06440,Sebastes paucispinis,Bocaccio,,SNR (2002),Not Reviewed,G4 (2003),E,,,,,
AFC4A06460,Sebastes pinniger,Canary Rockfish,,SNR,Not Reviewed,GNR,T,,,,,
AFC4A06470,Sebastes polyspinis,Northern Rockfish,,SNR,Not Reviewed,GNR,,,,,,
AFC4A06480,Sebastes proriger,Redstripe Rockfish,,SNR,Not Reviewed,G5 (2017),,,,,,
AFC4A06500,Sebastes reedi,Yellowmouth Rockfish,,SNR,Not Reviewed,GNR,T,,,,,
AFC4A06530,Sebastes ruberrimus,Yelloweye Rockfish,,SNR,Not Reviewed,GNR,T,1-SC,,,,
AFC4A06560,Sebastes rufus,Bank Rockfish,,SNR,Not Reviewed,GNR,,,,,,
AFC4A06570,Sebastes saxicola,Stripetail Rockfish,,SNR,Not Reviewed,GNR,,,,,,
AFC4A06700,Sebastes variabilis,Dusky Rockfish,,SNR,Not Reviewed,GNR,,,,,,
AFC4A06630,Sebastes variegatus,Harlequin Rockfish,,SNR,Not Reviewed,GNR,,,,,,
AFC4A06640,Sebastes wilsoni,Pygmy Rockfish,,SNR,Not Reviewed,GNR,,,,,,
AFC4A06650,Sebastes zacentrus,Sharpchin Rockfish,,SNR,Not Reviewed,GNR,,,,,,
AFC4A07010,Sebastolobus alascanus,Shortspine Thornyhead,,SNR,Not Reviewed,GNR,,,,,,
AFC4A07020,Sebastolobus altivelis,Longspine Thornyhead,,SNR,Not Reviewed,GNR,SC,1-SC (2009),,,,
AFCQZ11040,Seriola lalandi,Yellowtail,,SNR,Not Reviewed,GNR,,,,,,
AFCQH16010,Seriphus politus,Queenfish,,SNR,Not Reviewed,GNR,,,,,,
AFCEK01010,Serrivomer jesperseni,Crossthroat Sawpalate,,SNR,Not Reviewed,GNR,,,,,,
AFDEA06020,Somniosus pacificus,Pacific Sleeper Shark,,SNR,Not Reviewed,GNR,,,,,,
AFCMD08010,Spectrunculus grandis,Giant Cusk-eel,,SNR,Not Reviewed,GNR,,,,,,
AFCQV01010,Sphyraena argentea,Pacific Barracuda,,SNR,Not Reviewed,GNR,,,,,,
AFCHB03030,Spirinchus sp. 1,Pygmy Longfin Smelt,CWH,S2 (2019),Red,G5T2Q (2019),DD,,,,Y,
AFCHB03020,Spirinchus starksi,Night Smelt,,SNR,Not Reviewed,GNR,,,,,,
AFCHB03010,Spirinchus thaleichthys,Longfin Smelt,CDF; CWH,S3? (2019),Blue,G5 (2016),,,,,,
AFDEA07040,Squalus suckleyi,Spiny Dogfish,,SNR,Not Reviewed,G5 (2017),SC,,,,,
AFC4F15010,Stellerina xyosterna,Pixie Poacher,,SNR,Not Reviewed,GNR,,,,,,
AFCVH07010,Stenobrachius leucopsarus,Northern Lampfish,,SNR,Not Reviewed,G5 (2017),,,,,,
AFCVH07020,Stenobrachius nannochir,Garnet Lanternfish,,SNR,Not Reviewed,G5 (2017),,,,,,
AFCHA06010,Stenodus leucichthys,Inconnu,BWBS; CWH,S3 (2019),Blue,G5 (2016),,,,,Y,
AFC7C02010,Sternoptyx pseudobscura,Highlight Hatchetface,,SNR,Not Reviewed,GNR,,,,,,
AFCSC17010,Stichaeus punctatus,Arctic Shanny,,SNR,Not Reviewed,G5 (2017),,,,,,
AFCVH14010,Symbolophorus californiensis,Bigfin Lanternfish,,SNR,Not Reviewed,GNR,,,,,,
AFCTC04020,Symphurus atricaudus,California Tonguefish,,SNR,Not Reviewed,GNR,,,,,,
AFC4E15010,Synchirus gilli,Manacled Sculpin,,SNR,Not Reviewed,GNR,,,,,,
AFCPB010D0,Syngnathus leptorhynchus,Bay Pipefish,,SNR,Not Reviewed,G5 (2017),,,,,,
AFC8B02030,Synodus lucioceps,Smallscale Lizardfish,,SNR,Not Reviewed,GNR,,,,,,
AFC7B02010,Tactostoma macropus,Longfin Dragonfish,,SNR,Not Reviewed,G5 (2017),,,,,,
AFCHH01010,Talismania bifurcata,Threadfin Slickhead,,SNR,Not Reviewed,GNR,,,,,,
AFCRH03010,Taractes asper,Rough Pomfret,,SNR,Not Reviewed,GNR,,,,,,
AFCMG06010,Taranetzella lyoderma,Ghostly Eelpout,,SNR,Not Reviewed,G5 (2009),,,,,,
AFCVH08010,Tarletonbeania crenularis,Blue Lanternfish,,SNR,Not Reviewed,GNR,,,,,,
AFCVH08020,Tarletonbeania taylori,Taillight Lanternfish,,SNR,Not Reviewed,GNR,,,,,,
AFCS409020,Tetragonurus cuvieri,Smalleye Squaretail,,SNR,Not Reviewed,GNR,,,,,,
AFCEC04010,Thalassenchelys coheni,Transparent Eel,,SNR,Not Reviewed,GNR,,,,,,
AFCHB04010,Thaleichthys pacificus,Eulachon,CWH,S2S3 (2004),Blue,G5 (2005),E/T,,,,,
AFCHB04011,Thaleichthys pacificus pop. 1,Eulachon - Central Pacific Coast population,,SNR,Not Reviewed,G5TNRQ,E,,,,,
AFCHB04012,Thaleichthys pacificus pop. 2,Eulachon - Fraser River Population,,SNR,Not Reviewed,G5TNRQ,E,,,,,
AFCHB04013,Thaleichthys pacificus pop. 3,Eulachon - Nass / Skeena Rivers Population,,SNR,Not Reviewed,G5TNRQ,SC,,,,,
AFCMA14010,Theragra chalcogramma,Walleye Pollock,,SNR,Not Reviewed,G5 (2017),,,,,,
AFCS308010,Thunnus alalunga,Albacore,,SNR,Not Reviewed,G5 (2017),,,,,,
AFCS308060,Thunnus orientalis,Pacific Bluefin Tuna,,SNR,Not Reviewed,GNR,,,,,,
AFCHA07010,Thymallus arcticus,Arctic Grayling,,S4 (2004),Yellow,G5 (2015),,,,,,
AFCHA07013,Thymallus arcticus - Nahanni lineage,Arctic Grayling - Nahanni Lineage,,S3? (2012),Blue,G5TNRQ,,,,,,
AFCHA07014,Thymallus arcticus - Southern Beringean lineage,Arctic Grayling - Southern Beringean lineage,,S4? (2012),Yellow,G5TNRQ,,,,,,
AFCJB43010,Tinca tinca,Tench,,SNA (2019),Exotic,G5 (1996),,,,,,
AFDFB02010,Torpedo californica,Pacific Electric Ray,,SNR,Not Reviewed,GNR,,,,,,
AFC2C02010,Trachipterus altivelis,King-of-the-salmon,,SNR,Not Reviewed,GNR,,,,,,
AFCQZ13020,Trachurus symmetricus,Jack Mackerel,,SNR,Not Reviewed,G5 (2017),,,,,,
AFCRW02010,Trichodon trichodon,Pacific Sandfish,,SNR,Not Reviewed,GNR,,,,,,
AFC4E16020,Triglops macellus,Roughspine Sculpin,,SNR,Not Reviewed,GNR,,,,,,
AFC4E16050,Triglops pingelii,Ribbed Sculpin,,SNR,Not Reviewed,G5 (2017),,,,,,
AFC4F16010,Xeneretmus latifrons,Blacktip Poacher,,SNR,Not Reviewed,GNR,,,,,,
AFC4F16020,Xeneretmus leiops,Smootheye Poacher,,SNR,Not Reviewed,GNR,,,,,,
AFC4F16040,Xeneretmus triacanthus,Bluespotted Poacher,,SNR,Not Reviewed,GNR,,,,,,
AFCEG09020,Xenomystax atrarius,Twinpored Eel,,SNR,Not Reviewed,GNR,,,,,,
AFCSM01010,Xiphias gladius,Swordfish,,SNR,Not Reviewed,G5 (2017),,,,,,
AFCSC19010,Xiphister atropurpureus,Black Prickleback,,SNR,Not Reviewed,GNR,,,,,,
AFCSC19020,Xiphister mucosus,Rock Prickleback,,SNR,Not Reviewed,GNR,,,,,,
AFC4D05020,Zaniolepis latipinnis,Longspine Combfish,,SNR,Not Reviewed,GNR,,,,,,
AFCSH01010,Zaprora silenus,Prowfish,,SNR,Not Reviewed,G4G5 (2008),,,,,,
,,,,,,,,,,,,
,,,,,,,,,,,,
,,,,,,,,,,,,